<?xml version="1.0" encoding="UTF-8"?>
<c3p0-config>
	      
	<named-config name="C3P0">
		<!-- 实现连接池与数据库的连接，从而可以将数据库的con对象放入连接池 -->
		             
		<property name="user">java</property>
		             
		<property name="password">tiger</property>
		             
		<property name="driverClass">oracle.jdbc.driver.OracleDriver</property>
		             
		<property name="jdbcUrl">jdbc:oracle:thin:@192.168.199.150:1521:ORCL
		</property>
		<!-- 对Connection对象在连接池中的数量进行配置 -->
		             
		<property name="initialPoolSize">10</property>
		             
		<property name="minPoolSize">10</property>
		             
		<property name="maxPoolSize">50</property>
		             
		<property name="acquireIncrement">10</property>
		<!-- 对PreparedStatement对象及Statement对象在连接池中的数量进行配置 -->
		<property name="maxStatements">20</property>
		             
		<property name="maxStatementsPerConnection">5</property>
		      
	</named-config>
</c3p0-config>